{"cameraMode":{"drawMode":0,"name":"Shaded","section":"Shading Mode"},"sceneLighting":true,"audioPlay":false,"sceneViewState":{"showFog":true,"showMaterialUpdate":false,"showSkybox":true,"showFlares":true,"showImageEffects":true,"showParticleSystems":true,"showVisualEffectGraphs":true,"m_FxEnabled":true},"in2DMode":false,"pivot":{"x":-0.12423653900623322,"y":-0.06038868427276611,"z":1.936448574066162},"rotation":{"x":-0.10213104635477066,"y":-0.004194754175841808,"z":0.0004298064741306007,"w":-0.9947664141654968},"size":2.0442001819610597,"orthographic":false}