{"cameraMode":{"drawMode":0,"name":"Shaded","section":"Shading Mode"},"sceneLighting":true,"audioPlay":false,"sceneViewState":{"m_AlwaysRefresh":false,"showFog":true,"showSkybox":true,"showFlares":true,"showImageEffects":true,"showParticleSystems":true,"showVisualEffectGraphs":true,"m_FxEnabled":true},"in2DMode":false,"pivot":{"x":-0.15169169008731843,"y":0.6778814196586609,"z":2.5334527492523195},"rotation":{"x":-0.02880382165312767,"y":0.012277915142476559,"z":-0.0003546692314557731,"w":-0.9995141625404358},"size":5.1549272537231449,"orthographic":false}