{"cameraMode":{"drawMode":0,"name":"Shaded","section":"Shading Mode"},"sceneLighting":true,"audioPlay":false,"sceneViewState":{"m_AlwaysRefresh":false,"showFog":true,"showSkybox":true,"showFlares":true,"showImageEffects":true,"showParticleSystems":true,"showVisualEffectGraphs":true,"m_FxEnabled":true},"in2DMode":false,"pivot":{"x":0.054912321269512179,"y":0.7866173982620239,"z":1.1367173194885255},"rotation":{"x":-0.0976531058549881,"y":0.0017745113000273705,"z":-0.000175034292624332,"w":-0.9952120780944824},"size":1.2339744567871094,"orthographic":false}